Name;Vorname;Benutzername;Klasse;Klasse2
Frey;Nicola;nicola.frey;INF25A;BM1_TE25A
Geisser;Jan;jan.geisser;PKB24A;BM1_TE24A
Schr�ter;Sarah;sarah.schroeter;INF24S;BM1_TE24A
Slezinger;Jana;jana.slezinger;DRO25A;
Sterchi;Leif;leif.sterchi;INF24S;BM1_TE24A
Wenk;Fabian;fabian.wenk;PKB24A;BM1_TE24A
Ris;Mattia;mattia.ris;PKB25A;BM1_TE25A
Greco;Matteo;matteo.greco;INF24S;
Lo Brutto;Lea;lea.lobrutto;REF25A;